<?xml version="1.0" encoding="UTF-8" standalone="yes"?><response><header><resultCode>00</resultCode><resultMsg>NORMAL SERVICE.</resultMsg></header><body><items><item><age>2-3년</age><careAddr>광주광역시 북구 본촌마을길 25 (본촌동, 건국동사무소) 광주 동물보호소</careAddr><careNm>광주 동물보호소</careNm><careTel>062-571-2808</careTel><chargeNm>북구</chargeNm><colorCd>황/흰색</colorCd><desertionNo>429362201400243</desertionNo><filename>http://www.animal.go.kr/files/shelter/2014/06/201406231106389_s.jpg</filename><happenDt>20140430</happenDt><happenPlace>북구 중흥동 </happenPlace><kindCd>[개] 믹스견</kindCd><neuterYn>N</neuterYn><noticeEdt>20140703</noticeEdt><noticeNo>광주-북구-2014-00241</noticeNo><noticeSdt>20140623</noticeSdt><officetel>062-410-8372</officetel><orgNm>광주광역시 북구</orgNm><popfile>http://www.animal.go.kr/files/shelter/2014/06/201406231106389.jpg</popfile><processState>종료(안락사)</processState><sexCd>M</sexCd><specialMark>최근미용, 마이크로칩</specialMark><weight>7.40(Kg)</weight></item><item><age>5년추정</age><careAddr>울산광역시 남구 대학로 112 (무거동) </careAddr><careNm>스마일동물병원</careNm><careTel>052-277-0075</careTel><chargeNm>이남경</chargeNm><colorCd>흰색</colorCd><desertionNo>431370201400365</desertionNo><filename>http://www.animal.go.kr/files/shelter/2014/04/201405021605820_s.jpg</filename><happenDt>20140430</happenDt><happenPlace>무거동울산과학대앞</happenPlace><kindCd>[개] 진도견</kindCd><neuterYn>N</neuterYn><noticeEdt>20140620</noticeEdt><noticeNo>울산-남구-2014-00633</noticeNo><noticeSdt>20140610</noticeSdt><officetel>052-226-5663</officetel><orgNm>울산광역시 남구</orgNm><popfile>http://www.animal.go.kr/files/shelter/2014/04/201405021605820.jpg</popfile><processState>종료(입양)</processState><sexCd>M</sexCd><specialMark>빨간목줄착용</specialMark><weight>25(Kg)</weight></item><item><age>한달미만</age><careAddr>경상북도 안동시 서후면 태장리 201-1 </careAddr><careNm>안동시동물보호센터</careNm><careTel>010-7703-1999</careTel><chargeNm>김영식</chargeNm><colorCd>황색줄무늬</colorCd><desertionNo>447507201400120</desertionNo><filename>http://www.animal.go.kr/files/shelter/2014/05/201405091605804_s.jpg</filename><happenDt>20140430</happenDt><happenPlace>용상5주공</happenPlace><kindCd>[고양이]</kindCd><neuterYn>N</neuterYn><noticeEdt>20140519</noticeEdt><noticeNo>경북-안동-2014-00116</noticeNo><noticeSdt>20140509</noticeSdt><officetel>054-840-5484</officetel><orgNm>경상북도 안동시</orgNm><popfile>http://www.animal.go.kr/files/shelter/2014/05/201405091605804.jpg</popfile><processState>보호중</processState><sexCd>M</sexCd><specialMark>단모종,어린묘2마리</specialMark><weight>0.5(Kg)</weight></item><item><age>50일 추정</age><careAddr>대전광역시 유성구 갑동로15번길 20-39 (갑동) </careAddr><careNm>대전동물보호센터</careNm><careTel>042-825-1118</careTel><chargeNm>대덕구</chargeNm><colorCd>백</colorCd><desertionNo>430368201400097</desertionNo><filename>http://www.animal.go.kr/files/shelter/2014/05/201405091705254_s.jpg</filename><happenDt>20140430</happenDt><happenPlace> 대전로 1215 대전병원(대화동) 후문 주변</happenPlace><kindCd>[개] 진도견</kindCd><neuterYn>N</neuterYn><noticeEdt>20140519</noticeEdt><noticeNo>대전-대덕-2014-00094</noticeNo><noticeSdt>20140509</noticeSdt><officetel>042-608-6952</officetel><orgNm>대전광역시 대덕구</orgNm><popfile>http://www.animal.go.kr/files/shelter/2014/05/201405091705254.jpg</popfile><processState>종료(자연사)</processState><sexCd>F</sexCd><specialMark>교통사고</specialMark><weight>3(Kg)</weight></item><item><age>약 4-5년</age><careAddr>인천광역시 부평구 부평동 431-15</careAddr><careNm>백마동물병원</careNm><careTel>032-528-1359</careTel><chargeNm>장상규</chargeNm><colorCd>흰색</colorCd><desertionNo>428354201400155</desertionNo><filename>http://www.animal.go.kr/files/shelter/2014/04/201405031605752_s.jpg</filename><happenDt>20140430</happenDt><happenPlace>산곡동 한화아파트</happenPlace><kindCd>[개] 말티즈</kindCd><neuterYn>U</neuterYn><noticeEdt>20140519</noticeEdt><noticeNo>인천-부평-2014-00177</noticeNo><noticeSdt>20140509</noticeSdt><officetel>032-509-6563</officetel><orgNm>인천광역시 부평구</orgNm><popfile>http://www.animal.go.kr/files/shelter/2014/04/201405031605752.jpg</popfile><processState>종료(안락사)</processState><sexCd>M</sexCd><specialMark>친화적, 중성화수술, 파란색 목줄</specialMark><weight>3.5(Kg)</weight></item><item><age>약 3-4개월</age><careAddr>인천광역시 부평구 부평동 431-15</careAddr><careNm>백마동물병원</careNm><careTel>032-528-1359</careTel><chargeNm>장상규</chargeNm><colorCd>갈색, 흰색</colorCd><desertionNo>428354201400153</desertionNo><filename>http://www.animal.go.kr/files/shelter/2014/04/201405031605376_s.jpg</filename><happenDt>20140430</happenDt><happenPlace>부흥초등학교</happenPlace><kindCd>[개] 믹스견</kindCd><neuterYn>U</neuterYn><noticeEdt>20140519</noticeEdt><noticeNo>인천-부평-2014-00175</noticeNo><noticeSdt>20140509</noticeSdt><officetel>032-509-6563</officetel><orgNm>인천광역시 부평구</orgNm><popfile>http://www.animal.go.kr/files/shelter/2014/04/201405031605376.jpg</popfile><processState>종료(자연사)</processState><sexCd>M</sexCd><specialMark>친화적, 귀꼬리털 긴 편, 미용상태</specialMark><weight>2(Kg)</weight></item><item><age>5살 추정</age><careAddr>인천광역시 중구 영종대로 90 (운서동, 시에로빌오피스) 103호 하늘동물병원</careAddr><careNm>하늘동물병원</careNm><careTel>032-887-8275</careTel><chargeNm>양혜정</chargeNm><colorCd>검정</colorCd><desertionNo>428349201400103</desertionNo><filename>http://www.animal.go.kr/files/shelter/2014/04/201404301504252_s.jpg</filename><happenDt>20140430</happenDt><happenPlace>을왕동 864-6 인근</happenPlace><kindCd>[개] 믹스견</kindCd><neuterYn>N</neuterYn><noticeEdt>20140518</noticeEdt><noticeNo>인천-중구-2014-00109</noticeNo><noticeSdt>20140509</noticeSdt><officetel>032-760-7379</officetel><orgNm>인천광역시 중구</orgNm><popfile>http://www.animal.go.kr/files/shelter/2014/04/201404301504252.jpg</popfile><processState>종료(입양)</processState><sexCd>F</sexCd><specialMark>줄무늬 옷을 입고 있음, 성격이 온순함</specialMark><weight>2.90(Kg)</weight></item><item><age>3살추정</age><careAddr>인천광역시 중구 영종대로 90 (운서동, 시에로빌오피스) 103호 하늘동물병원</careAddr><careNm>하늘동물병원</careNm><careTel>032-887-8275</careTel><chargeNm>양혜정</chargeNm><colorCd>브라운</colorCd><desertionNo>428349201400104</desertionNo><filename>http://www.animal.go.kr/files/shelter/2014/04/201404301604434_s.jpg</filename><happenDt>20140430</happenDt><happenPlace>을왕동 864-6 인근</happenPlace><kindCd>[개] 믹스견</kindCd><neuterYn>N</neuterYn><noticeEdt>20140518</noticeEdt><noticeNo>인천-중구-2014-00110</noticeNo><noticeSdt>20140509</noticeSdt><officetel>032-760-7379</officetel><orgNm>인천광역시 중구</orgNm><popfile>http://www.animal.go.kr/files/shelter/2014/04/201404301604434.jpg</popfile><processState>종료(입양)</processState><sexCd>M</sexCd><specialMark>성격이 온순함</specialMark><weight>8.80(Kg)</weight></item><item><age>약 5-6년</age><careAddr>인천광역시 부평구 부평동 431-15</careAddr><careNm>백마동물병원</careNm><careTel>032-528-1359</careTel><chargeNm>장상규</chargeNm><colorCd>흰색, 갈색</colorCd><desertionNo>428354201400158</desertionNo><filename>http://www.animal.go.kr/files/shelter/2014/04/201405031605482_s.jpg</filename><happenDt>20140430</happenDt><happenPlace>부평구청당직실</happenPlace><kindCd>[개] 포메라니안</kindCd><neuterYn>U</neuterYn><noticeEdt>20140519</noticeEdt><noticeNo>인천-부평-2014-00180</noticeNo><noticeSdt>20140509</noticeSdt><officetel>032-509-6563</officetel><orgNm>인천광역시 부평구</orgNm><popfile>http://www.animal.go.kr/files/shelter/2014/04/201405031605482.jpg</popfile><processState>종료(반환)</processState><sexCd>F</sexCd><specialMark>털이 풍성한편, RFID 410100004009195</specialMark><weight>3(Kg)</weight></item><item><age>약 10년</age><careAddr>인천광역시 부평구 부평동 431-15</careAddr><careNm>백마동물병원</careNm><careTel>032-528-1359</careTel><chargeNm>장상규</chargeNm><colorCd>흰색</colorCd><desertionNo>428354201400156</desertionNo><filename>http://www.animal.go.kr/files/shelter/2014/04/201405031605283_s.jpg</filename><happenDt>20140430</happenDt><happenPlace>동수동물병원</happenPlace><kindCd>[개] 말티즈</kindCd><neuterYn>U</neuterYn><noticeEdt>20140519</noticeEdt><noticeNo>인천-부평-2014-00178</noticeNo><noticeSdt>20140509</noticeSdt><officetel>032-509-6563</officetel><orgNm>인천광역시 부평구</orgNm><popfile>http://www.animal.go.kr/files/shelter/2014/04/201405031605283.jpg</popfile><processState>종료(반환)</processState><sexCd>M</sexCd><specialMark>백내장, 중성화수술</specialMark><weight>4(Kg)</weight></item></items><numOfRows>10</numOfRows><pageNo>1</pageNo><totalCount>12233</totalCount></body></response>